guri09804@okhdfcbank,reddit.com,
fathll@airtel,consumercomplaints.in,invalid_psp
komers@ybl,consumercomplaints.in,
gasiram32@ybl,consumercomplaints.in,
8926087010@okbizaxis,consumercomplaints.in,
tpsl.government@icici,consumercomplaints.in,
bi******ya@hdfcbank,consumercomplaints.in,
mi.bills@ic,consumercomplaints.in,invalid_psp
mondalsaptarathi@oksbi,consumercomplaints.in,
kannancrackers2015-1@oksbi,consumercomplaints.in,
779698***55@kotak,consumercomplaints.in,
75687***18@axl,consumercomplaints.in,
ixigo.payu@axisbank,consumercomplaints.in,
63280090570.payswiff@indus,consumercomplaints.in,
@airtel,consumercomplaints.in,malformed_prefix,invalid_psp
@centralbank,consumercomplaints.in,malformed_prefix,invalid_psp
@ibl,consumercomplaints.in,malformed_prefix,invalid_psp
q72669644@ybl,consumercomplaints.in,
8695736195@axl,consumercomplaints.in,
947947***5@upi,consumercomplaints.in,invalid_psp
MYN6889921@axisbank,consumercomplaints.in,
paytm.s1ay6it@pty,youtube.com,suspicious_suffix
flipkart.payu@axisbank,youtube.com,
8299******@oksbi,youtube.com,
flipkart.payu@icici,youtube.com,
ccbillpayment@icici,youtube.com,
bigflyingservic56.rzp@icici,youtube.com,
9838622663@ybl,reddit.com,
******9119@ybl,linkedin.com,
8826183869@paytm,linkedin.com,
paytm-onlinelegalindia@ptybl,x.com,nonstandard_psp
swamiboyshostel@idbi,x.com,
9923558052@idbi,x.com,
902788***0dipika@pnb,x.com,malformed_prefix
shejanhaseenkhan@idbi,x.com,
ppqr01.bheros@iob,x.com,
vipvikashm@okaxis,x.com,
930617****@upi,x.com,invalid_psp
mayursonavne961@okhdfcbank,consumercomplaintscourt.com,
Ashok94169@dbs,consumercomplaintscourt.com,
abuzarrizvi001@dbs,consumercomplaintscourt.com,
alammondalz7585@okaxis,consumercomplaintscourt.com,
Nick83@aubank,consumercomplaintscourt.com,
vishalkhae5454@ybl,consumercomplaintscourt.com,
manmohanmeena667815@okicici,consumercomplaintscourt.com,
mahesh-589@ptyes,consumercomplaintscourt.com,
mr.ayush.hardaha@okhdfcbank,consumercomplaintscourt.com,
q900271814@ybl,consumercomplaintscourt.com,
k76524186-2@okicici,consumercomplaintscourt.com,
shamim02101998@okaxis,consumercomplaintscourt.com,
9896038768@ptyes,consumercomplaintscourt.com,
798826314@omni,consumercomplaintscourt.com,invalid_psp
akash.samantaray@ptyes,consumercomplaintscourt.com,
0792856a0101242.bqr@kotak,consumercomplaintscourt.com,

